,baseTokenSymbol,quotoTokenName,priceUsd,volumeUsd24h
0,SOLAR,Wrapped SOL,0.004066851807100208,774750.68342078
1,KERMIT,Wrapped SOL,0.006048940054137945,4443311.587348242
2,BAG,Wrapped SOL,0.08432770296057134,9156701.94855254
3,boden,Wrapped SOL,0.30006080492504,8982636.967701823
4,PENG,Wrapped SOL,0.5635165244505472,7634677.680363553
5,SLERF,Wrapped SOL,0.5979299203368234,35299889.95817436
6,JIZZLORD,Wrapped SOL,0.020981259113239406,3797580.024645825
7,BOME,Wrapped SOL,0.014425818673480001,20099040.244769555
8,DUKO,Wrapped SOL,0.006973391896484338,4013514.3043408236
9,MUMU,Wrapped SOL,0.000019762629554844,2020151.3302310065
10,MONKEY,Wrapped SOL,0.000000005083679849052229,1548466.5377491093
11,tremp,Wrapped SOL,0.275686983489683,3043557.2126153563
12,ANDY,Wrapped SOL,0.02447691410561249,3163138.0666849525
13,$WIF,Wrapped SOL,2.8165200919748283,7891140.676914028
14,FILES,Wrapped SOL,0.08778062201188722,3038850.5576248355
15,POPCAT,Wrapped SOL,0.2153121756929315,4673811.090693969
16,CHEX,Wrapped SOL,0.20755144361827904,767785.8152527994
17,SHAD,Wrapped SOL,0.003585892046567106,1549020.808252333
18,MEDIA,Wrapped SOL,0.09473505082807375,2188227.24954165
19,SOLC,Wrapped SOL,0.31160554841718613,1875963.7346148926
20,never,Wrapped SOL,0.000284120519442729,919346.4323446797
21,$BABA,Wrapped SOL,0.009047375203173636,1487574.3775182217
22,CROCDOG,Wrapped SOL,0.2459672273663219,1271362.5503711042
23,PONKE,Wrapped SOL,0.07007135601516182,933926.3643627195
24,smole,Wrapped SOL,0.000116885186017858,9181511.052231953
25,SOLAMA,Wrapped SOL,0.037379384395058564,2357115.5072347387
26,SKID,Wrapped SOL,0.08256281982957389,2131388.537924168
27,KOKO,Wrapped SOL,0.00000184148635768,1530463.565100124
28,FATALITY,Wrapped SOL,0.002744226153490738,647752.0273180936
29,BCAT,Wrapped SOL,0.015752818998872792,1922168.9981878884
30,JEWS ,Wrapped SOL,0.001653143262136563,968002.2949022853
31,CHONKY,Wrapped SOL,0.000035045198030674,666703.5764520967
32,SOLMEME,Wrapped SOL,0.00000020146347198838824,35919.69531740075
33,BROC,Wrapped SOL,0.03438367357100833,1150815.563128566
34,HARAMBE,Wrapped SOL,0.025601697310441852,1206626.7094196938
35,IDK,Wrapped SOL,0.000974184284180533,1605624.5423947535
36,BONK2.0,Wrapped SOL,0.00000003992609084920355,204892.38074653296
37,USDC,USDT,1.0002658398304693,260213.70542870506
38,POPCAT,USD Coin,0.21337193157549955,598975.280259275
39,Mail,Wrapped SOL,0.016705212345577553,1464844.989441955
40,$MYRO,USD Coin,0.2469842670884558,1959667.5396332422
41,Moutai,Wrapped SOL,0.017850849635221912,375433.2918181214
42,acat,Wrapped SOL,0.003536528110651395,1214480.180043538
43,TRUMP,Wrapped SOL,5.450662383778417,607528.8769428255
44,LIKE,USD Coin,0.11417344806920685,653810.0673354946
45,BENJI,Wrapped SOL,0.003910228019922599,1371812.9648195233
46,üòÇ,Wrapped SOL,0.000001022451937672,638771.5693605718
47,RAY,Wrapped SOL,2.09282005025795,3455891.4377832646
48,GRIM,Wrapped SOL,0.000361433914996095,543050.0618295175
49,UCIT,Wrapped SOL,0.000004019293080266,834296.5624710365
50,$NAP,Wrapped SOL,0.000015221808067593,3503065.37968071
51,NINJA,Wrapped SOL,0.00832379889087467,813154.3344408992
52,CAT,Wrapped SOL,0.00000000042352979899979354,1142065.4248794275
53,WYNN,Wrapped SOL,0.008201548592217087,735426.6975855592
54,GME,Wrapped SOL,0.001197504272420691,895522.0399388954
55,SLOW,Marinade staked SOL (mSOL),0.000328910782453873,101.16857483129635
56,PEPE,Wrapped SOL,0.0000004757785839592504,62305.884873625015
57,SNP,Wrapped SOL,0.007297813829002047,115845.7719241065
58,CHAT,Wrapped SOL,14.630788653779513,994879.6134526519
59,whoren,Wrapped SOL,0.14383692273257842,930426.8170879399
60,SILLY,Wrapped SOL,0.03562216255697308,690914.0502736289
61,PIGEON,Wrapped SOL,0.000303084093340992,158717.452110783
62,BALLZ,Wrapped SOL,0.03701567521931672,610818.2316446641
63,FLAPPI,Wrapped SOL,0.000585018346308768,394894.14688845066
64,FAM,Wrapped SOL,0.00922790006209928,508064.8444825782
65,SKID ,Wrapped SOL,0.000143513765813491,6030.872260055181
66,DITH,USD Coin,0.2617512738388756,325364.56909110333
67,HONK,Wrapped SOL,0.009455504259733528,602808.1206110697
68,SAMOWIF,Wrapped SOL,0.017075682216909586,51719.51257712994
69,Moutai,USD Coin,0.01802474693320576,55887.669164437764
70,SI,Wrapped SOL,0.006706587247371678,555669.295995668
71,BABY,Wrapped SOL,0.000018729033289572,940667.9844917542
72,KHAI,Wrapped SOL,0.5617924931748653,684635.2078314555
73,RETARDIO,Wrapped SOL,0.01729489779534176,1062396.9377639645
74,WIFS,Wrapped SOL,0.002491498347207017,777316.8165799461
75,WHALES,Wrapped SOL,2.170332198916785,730242.4646806454
76,PEPESORA,Wrapped SOL,0.001139386465679054,460177.6340989237
77,SOLAMA,USD Coin,0.0377790373310495,137786.80507817867
78,EWON,Wrapped SOL,0.002829288064713353,318003.4328234145
79,GUAC,USD Coin,0.0000003148728494883009,353416.9083887438
80,BENDOG,Wrapped SOL,0.01978227080790615,662173.2661126422
81,PAW,Wrapped SOL,0.004909968426798075,712019.4636037318
82,BOBRWIFHAT,Wrapped SOL,0.008779449163028169,19730.57571627178
83,HAMI,Wrapped SOL,0.001209589790600075,450777.39545442077
84,$daumen,Wrapped SOL,0.4760897949227251,473098.66326603945
85,STAN,Wrapped SOL,0.03322521550897238,408992.1517253624
86,SOL,USDT,185.08529855700928,380611.0927638757
87,NOWIF,Wrapped SOL,0.0248528495791445,467074.0656719585
88,RIE,Wrapped SOL,0.000000008802803610068439,17590.887786194715
89,STREAM,Wrapped SOL,0.19442821180756842,498386.16226922785
90,POU,Wrapped SOL,0.018664251392628707,460122.095172211
91,SNS,USD Coin,0.12983197484486086,115069.42811851826
92,BOR,Wrapped SOL,0.17356146013334167,35276.94000581356
93,Dank,Wrapped SOL,0.000350943187944809,324919.61506457237
94,SOLPHIN,Wrapped SOL,0.001203332581204321,415865.95233293914
95,SOL,USD Coin,184.99070326781435,933750.0917816682
96,PAJAMAS,Wrapped SOL,0.003626671506951654,671486.4365488098
97,GIGA,Wrapped SOL,0.001696365739212562,553279.5779527455
98,SIDO,Wrapped SOL,0.00568710107178394,382469.90653622523
99,BABYWIF,Wrapped SOL,0.00145786343859227,309780.98960835603
100,BRETT,Wrapped SOL,0.006173882716190576,513565.98302545486
101,monk,Wrapped SOL,0.008363491388952156,302132.71529379155
102,BABYSOL,Wrapped SOL,0.024529654502977956,528413.3039702381
103,white,Wrapped SOL,0.027551809532747266,17696.999044701475
104,CROWN,USD Coin,1.0817087016898177,155145.6845255764
105,RAY,USDT,2.0754483645585977,535785.978743513
106,ATLAS,Raydium,0.00784537582611476,299763.52254655736
107,MCULT,Wrapped SOL,0.000485816731068265,305788.6448992455
108,WEN,Wrapped SOL,0.000334153786724232,159975.57600528823
109,BULLY,Wrapped SOL,0.002238231226783198,372212.6302730864
110,LEH,Wrapped SOL,0.008921461638285283,540256.3762078956
111,LICK,Wrapped SOL,0.000113102384134942,33687.00531657462
112,SMOG,Wrapped SOL,0.18889422061755062,603930.409953262
113,$MYRO,Wrapped SOL,0.24063398495805308,71880.60496574968
114,KWEEN,Wrapped SOL,0.000768218466528623,468337.5914893804
115,PEPEHYPE,Wrapped SOL,0.02260406482650734,278671.91771325294
116,NOS,USD Coin,5.035169617670253,636691.1051994952
117,SLIM,Wrapped SOL,0.36077878401533947,310426.26482707134
118,SPOOKY,Wrapped SOL,0.000171023660535424,211448.82680146885
119,USEDCAR,Wrapped SOL,0.023016512782194926,302301.3283707325
120,Blob,Wrapped SOL,0.000308764945803794,212640.9549338091
121,AABL,USD Coin,0.04391045669702521,55340.95238693744
122,GRAM,Wrapped SOL,0.012809868400988461,350262.4245521514
123,NICK,Wrapped SOL,0.005235832111145713,555787.4725188767
124,PEPE,USD Coin,0.007013201678248606,199809.06507585355
125,BELUGA,Wrapped SOL,0.000882420635593575,290586.06354112324
126,ATLAS,USD Coin,0.007835410947964918,243225.75725373678
127,EPEP,Wrapped SOL,0.002589601337225563,301069.33209438826
128,LIKE,Wrapped SOL,0.11848859350911732,24903.014814145856
129,KIT,Wrapped SOL,0.002360569606400023,352061.3912046067
130,ROLEX,Wrapped SOL,0.000196971509872122,156790.190706755
131,MUNCH,Wrapped SOL,0.000343885163380089,487658.3979701381
132,DOJO,Wrapped SOL,0.002333814029830701,253169.15322134708
133,YOURAI,Wrapped SOL,0.31034704411635006,649989.0073819247
134,ARMIN,Wrapped SOL,0.0000000000000009695183928917656,3.6201124122115256
135,BOPE,Wrapped SOL,0.000393863574045519,193340.18564382245
136,SNIB,Wrapped SOL,0.000295975778492704,204315.85678624973
137,PEPEZ,Wrapped SOL,0.000337243094652997,302401.3351425576
138,DUPE,Wrapped SOL,0.001686841891573299,248510.9765797661
139,BORK,Wrapped SOL,0.000628229336010804,267992.5832532363
140,obema,Wrapped SOL,0.000481370979662823,198310.41378064317
141,SAMO,Raydium,0.01497648865854184,167067.90276211084
142,VCAT,Wrapped SOL,5.24189814081113,341616.41885975265
143,KPOP,Wrapped SOL,0.001071726022197243,297959.27177460794
144,SNP,monkeyhaircut,0.007290990028937479,122158.5731532046
145,FINK,Wrapped SOL,1.6037268996574203,190741.9670870863
146,DODO,Wrapped SOL,0.000000000026449804859667743,1563.1060565380726
147,POLIS,Raydium,0.46390509265953406,170474.06461529213
148,NOS,Wrapped SOL,5.019217132467442,164109.85164410213
149,PETS,Wrapped SOL,0.010957792657444582,460559.32679313037
150,DiCaprio,Wrapped SOL,0.00934135578365088,9121.689728601019
151,BOZO,Wrapped SOL,0.00000005951370036007886,241422.2331749849
152,SMILEK,Wrapped SOL,0.000002799787363196,202534.46594403358
153,TIMMI,Wrapped SOL,0.000670381670492675,209356.09984201778
154,$PELF,Wrapped SOL,0.000378333168884932,131264.69192316316
155,PUGAI,USD Coin,0.000000001601041344180101,1005.4300067280435
156,LOWQ,Wrapped SOL,0.004074072054087692,174931.2327673128
157,$shid,Wrapped SOL,0.00083318755573868,129688.83849518528
158,USA,Wrapped SOL,0.00000007111634368695685,152891.39390837032
159,EGG,Wrapped SOL,0.000321451663815102,137096.22077319326
160,JENSEN,Wrapped SOL,0.007119031112624649,162832.9729452288
161,SOLAMB,Wrapped SOL,0.001215299214067342,207695.53766510577
162,BASC,USD Coin,1.2229738984588363,22238.661931611678
163,DEGEN,Wrapped SOL,0.000059535551092479,183714.7392838411
164,GOO,Wrapped SOL,0.009820352930127943,411910.4063094155
165,TOAD,Wrapped SOL,0.055476029722360445,220865.5415568395
166,DOLAN,Wrapped SOL,0.04112227931980996,416641.7113434319
167,ZEBU,Wrapped SOL,0.00158489983086107,173269.22262154592
168,USDC,Wrapped SOL,0.00055549338076396,258585.32389103546
169,MAI,Wrapped SOL,0.018519145841751756,328960.25638834917
170,MAD,Wrapped SOL,0.002361939666388955,347091.49154759553
171,POWSCHE,Wrapped SOL,0.005577672847653043,177098.11687634257
172,MNDE,Marinade staked SOL (mSOL),0.3108760798126071,19029.000728009963
173,Greg,Wrapped SOL,0.00004195043419011,158282.5944422793
174,SPWN,USD Coin,0.000048730929813853,8305.443963818996
175,tooker,Wrapped SOL,0.000750502054463999,134143.04061394217
176,BOOK,Wrapped SOL,0.000001919219376497,49459.1371245042
177,mSOL,Raydium,217.41398829986957,27767.493421133582
178,GENZ,USD Coin,0.000593536005713951,1444.8267692645372
179,GTOP,Wrapped SOL,0.001387959592985807,245201.6922470895
180,WLKN,USD Coin,0.007020425834901064,47088.88041692562
181,ACHI,Wrapped SOL,0.003330056252381421,364050.5353521567
182,SOLCADE,Wrapped SOL,0.13686242755155423,50211.17099550723
183,SAFEMOON,Wrapped SOL,0.000628638595566517,137038.43475865782
184,ARMENI,Wrapped SOL,0.000216470631955979,146995.58919336964
185,HONEY,USD Coin,0.15450900855080052,37648.80029678015
186,FAN,USD Coin,0.02145137510317869,121945.65213225195
187,COL,Wrapped SOL,0.01829264919766482,88336.68008651795
188,BINK,Wrapped SOL,0.0000008815230643093761,250727.48286780153
189,ANDY,Wrapped SOL,0.000927949271707776,266702.41126617644
190,ALBEMARLE,Wrapped SOL,0.017083425541005372,71605.99685518576
191,PEPE,Wrapped SOL,0.007001532803327883,26462.890855498405
192,SOLPAKA,Wrapped SOL,0.001911494032988308,179392.73619472526
193,MARTY,Wrapped SOL,0.000000011364986337532354,34042.9206887909
194,$BILLY,Wrapped SOL,0.000848151982608854,65911.98971624223
195,$BlackRock,Wrapped SOL,0.000502146637766927,181235.67775402594
196,SHIB,Wrapped SOL,0.003766742543952721,306489.6169979143
197,GOEG,Wrapped SOL,0.000144545403884919,43127.316318488374
198,PUP,Wrapped SOL,0.000007661752692395,67328.4615461208
199,WHC,Wrapped SOL,0.001070379880000529,110795.12654203175
200,SMURF,Wrapped SOL,0.003816756910667306,103279.76398945015
201,PEPELONG,Wrapped SOL,0.000067142160444211,119293.06515705965
202,NIGGOLAS,Wrapped SOL,0.0000000710020754780092,73508.27989361089
203,$MIF,Wrapped SOL,0.000191597410684926,96743.26828420353
204,BCOQ,Wrapped SOL,0.00000009746908522674556,232879.0158665064
205,Validus,Wrapped SOL,0.037152513417659454,157023.92220581835
206,Bonk,USD Coin,0.000023854939269995,13994.880484948015
207,ChatGPT,Wrapped SOL,0.00010720780468379,126206.00915475718
208,NSO,Wrapped SOL,0.01431550395058008,222592.55967691657
209,YIKES,Wrapped SOL,0.000158543999660615,67303.19033025249
210,HUND,Wrapped SOL,0.013181620034769246,306977.5295918208
211,WC,USD Coin,0.000000009003993196323484,118580.98631131076
212,SAMO,USD Coin,0.014903760947519497,58530.081363755016
213,POS,Wrapped SOL,0.000678850717378122,127302.07139963268
214,STEL,Wrapped SOL,0.000200664401867291,96538.15922450938
215,CHINU,Wrapped SOL,0.002765992945741902,69955.61129672239
216,POGAI,Wrapped SOL,0.000018225558797471,489788.69238567026
217,solimax,Wrapped SOL,0.00000174922489702,34253.21772156266
218,KIN,Raydium,0.000024188475814843,48474.08032438745
219,UNKNOWN,Wrapped SOL,0.017556895850152972,85320.22153984262
220,SOLAMI,Wrapped SOL,0.00077000355546823,124475.4789477597
221,RED,Wrapped SOL,0.02971793632292347,164665.22035356512
222,MYRA,Wrapped SOL,0.003442044964161174,148311.41550756208
223,SLERF,Wrapped SOL,0.00000130935448281,0.2024487517886917
224,stSOL,USD Coin,215.76712503789187,31960.75137666055
225,HAPPI,Wrapped SOL,0.004814782002924475,155411.71592411638
226,IQ50,Wrapped SOL,0.000051688776783459,21873.215006709455
227,NiggaButt,Wrapped SOL,0.000295837031689455,123691.36942864895
228,Bonk,Wrapped SOL,0.000023735033530735,22267.917781219683
229,hood,Wrapped SOL,0.001817692888311437,54335.23251964446
230,OTK,USD Coin,0.10178958990861162,83928.77041096956
231,SBF,Wrapped SOL,0.027269923721115787,198935.9054380115
232,PLANK,Wrapped SOL,0.001396416456684021,61515.44576731582
233,EggCat,Wrapped SOL,0.000247065466420618,101426.56049875243
234,KING,USD Coin,0.000145240812297965,57600.00212809879
235,POTATO,Wrapped SOL,395135.21082030045,84077.29342011013
236,asdf,Wrapped SOL,0.002032524079077479,73333.68230738692
237,NVIDIA,Wrapped SOL,0.000581673460857402,60597.928065419954
238,DIF,Wrapped SOL,0.00000014418189887381336,186696.04477229147
239,BIRDDOG,Wrapped SOL,0.001355125367667634,123932.94609144321
240,BBROS,Wrapped SOL,0.000012087800152852,33518.271579598266
241,HXD,USD Coin,0.11431125347430886,162220.15643773522
242,GM,Wrapped SOL,0.000000005726769835630542,32738.040185753052
243,mSOL,USD Coin,217.57372673523653,19159.317099915355
244,POLIS,USD Coin,0.4629833775838236,44913.18903610066
245,ELMINA,Wrapped SOL,1.5884226028424646,256306.513478462
246,IRAQ,Wrapped SOL,0.001224628332259523,125089.68685471942
247,WETH,Wrapped SOL,3434.738181894388,120178.09514693813
248,CORN,Wrapped SOL,0.000002953096863013,73404.86274110952
249,SHIRU,Wrapped SOL,0.00021428399197113,82675.62496027042
250,POPDOG,Wrapped SOL,0.003196283402404557,46954.168981142
251,FROG,Wrapped SOL,0.000032615567697938,191105.0458007834
252,SOL,USD Coin,185.12398256494785,581.6423110862391
253,MERTD,Wrapped SOL,0.002125251205363955,77046.14279372894
254,ATLAS,Wrapped SOL,0.00785162360331703,11389.626440831988
255,KIN,USD Coin,0.000024023465864012,4201.747481580239
256,Fronk,USD Coin,0.00000002363884109404734,13910.159147087797
257,TED,Wrapped SOL,0.000029481218453588,65320.614264992175
258,WOME,Wrapped SOL,0.000060772333295549,142386.89442731728
259,RCAT,Wrapped SOL,0.00041089659832729,37173.45591308044
260,Solo,Wrapped SOL,0.003217777549145155,250590.7444025301
261,MOAI,Wrapped SOL,0.04551539396138393,119818.42586473792
262,BRAH,Wrapped SOL,0.002822191265514743,243668.62750820807
263,SOLPAC,Wrapped SOL,0.000000000017631791236846164,85570.45419216757
264,PunkAI,Wrapped SOL,0.000102282364961028,151236.59249639063
265,BINU,Wrapped SOL,0.000847182430588463,91988.3551253857
266,TOK,Wrapped SOL,0.000049397099671869,3399.879917120022
267,AI,Wrapped SOL,0.000054810966821907,195279.80234795663
268,MOMO,Wrapped SOL,0.00000006321349388579353,110896.84984861445
269,RICH,Wrapped SOL,0.000526285624399778,123028.12181978725
270,SMOLE,Wrapped SOL,0.000000015039637803059938,1308.0098059050124
271,Fronk,Wrapped SOL,0.000000023585353803808402,37388.46662633197
272,HODL,Wrapped SOL,0.000477439874758725,35018.97698251097
273,OMNI,Wrapped SOL,0.000558638031455544,111577.07754570675
274,ANSEM,Wrapped SOL,0.000015398990466483,76767.72306192853
275,GM,USD Coin,0.000000005711432746095051,15347.45381521327
276,SRM,USD Coin,0.06214628882405587,12636.730736305079
277,WETH,Raydium,3451.8754838717514,6683.381839589096
278,FRIENDS,Wrapped SOL,0.11165527816946139,103389.7006510817
279,BONKFA,Wrapped SOL,0.001436109232021489,90087.84307710109
280,Spoody,Wrapped SOL,0.002134939993271304,128031.88260591637
281,MEMES,Wrapped SOL,0.004554001995540621,27030.200488638646
282,FREN,Wrapped SOL,0.0000006621490491327152,122756.8194851084
283,RBT,Wrapped SOL,0.000008907292428793,116549.46518262924
284,REELS,Wrapped SOL,0.002747719920514429,45867.747733701864
285,GPUINU,Wrapped SOL,0.000124655281969283,138269.94484978754
286,PORTNOY,Wrapped SOL,0.000609119934734812,55541.22007196966
287,MXM,Wrapped SOL,0.0744574796407145,102069.3412321442
288,BOMO,Wrapped SOL,0.001329304971493457,111073.69144186162
289,CHEEMS,USD Coin,0.001518289896988277,69379.37694480357
290,SRM,Raydium,0.06200027090964458,31639.671325851366
291,3310,Wrapped SOL,0.000065904933137362,67949.20084759496
292,PRNT,Wrapped SOL,0.000591429937961764,25783.107282722354
293,BOPP,Wrapped SOL,0.000117792563631804,50574.99642537696
294,ANALOS,Wrapped SOL,0.00012220851117714,76207.98345884883
295,JUP,Wrapped SOL,1.2972585744259066,34528.664663033866
296,MPIX,Wrapped SOL,0.003356237624620091,109668.71572816659
297,NVEDUA,Wrapped SOL,0.000486588108120826,82350.60139592914
298,$NAK,Wrapped SOL,0.00000023363778306645005,83.46564089967967
299,BIF,Wrapped SOL,0.001097608805480032,53813.72898505295
300,PUTNI,Wrapped SOL,0.003520196094774932,65211.990177902604
301,FUNK,Wrapped SOL,0.000122237367031703,17127.613799356925
302,MAGAIBA,Wrapped SOL,0.002653889338424896,95801.71993280442
303,FROGDOG,Wrapped SOL,0.000377306345930665,75059.87322592501
304,mSOL,USDT,217.75568619362446,5001.711925874932
305,BLBY,Wrapped SOL,0.002696232469999586,76896.9899635769
306,DOGGO,Wrapped SOL,0.000000010129458426316122,2693.5197649627416
307,PEPE,Wrapped SOL,0.000160361806961037,24339.67439782863
308,KNK,USD Coin,0.7396779794591084,20701.613539009646
309,Milady,Wrapped SOL,0.000112169705724423,64879.51300162915
310,$BRRR,Wrapped SOL,0.000834531709860254,26413.820551270557
311,VONSPEED,Wrapped SOL,0.001406031399925733,82668.83595890547
312,ZYN,USD Coin,0.06581434907621918,35575.626185444955
313,CHEERS,Wrapped SOL,0.0000002085617545743221,47865.10869110357
314,BOK,SHIBONK,0.002853549929208384,14474.462074546904
315,BONK2.0,Raydium,0.000000038193434895049044,13751.376859736118
316,Tyrel,Wrapped SOL,0.000434257911123551,138477.19063214224
317,BONK2.0,Jupiter,0.00000003837919922932348,7870.208022413748
318,CIRCLE,Wrapped SOL,0.003144347496685622,55033.53141145807
319,ETH,Raydium,334.9396689299691,13340.81422933873
320,SIN,Wrapped SOL,0.00000020592278171630848,9063.849141801524
321,Haku,Wrapped SOL,0.000170066922584534,110897.55370702135
322,VAPE,Wrapped SOL,0.001436914098055219,180227.24020018856
323,ARB,Wrapped SOL,0.000994734718775548,7421.621239235016
324,ROBERT,Wrapped SOL,0.00000137318374881,17415.80036590117
325,stSOL,USDT,215.88755389184354,3462.5332975486835
326,Tyro,Wrapped SOL,0.000112667715106257,20865.25401823449
327,GARF,Wrapped SOL,0.000068913437599717,53484.92326131093
328,Speero,Wrapped SOL,0.00000004071095992486547,75896.08026665945
329,BTP,Wrapped SOL,0.000010887386364326,33147.6879459382
330,HNT,Wrapped SOL,6.719579838088337,88878.305203957
331,arab,Wrapped SOL,0.01927659039079589,67561.36934155972
332,DogeKing,Wrapped SOL,0.000015379913208862,132538.5445732467
333,APEX,Wrapped SOL,0.000092834727620505,38001.4268393399
334,BYAT,Wrapped SOL,0.000465936080578639,60032.48280702257
335,CRUNCH,Wrapped SOL,0.001002337900193192,110057.48655729007
336,BOOBY,Wrapped SOL,0.000329021539491659,66539.8959718397
337,CIF,Wrapped SOL,0.000886890151326052,36764.34120233678
338,BSKT ,USD Coin,0.000037695822478208,5834.522407291666
339,DBZ,Wrapped SOL,0.000035237914672379,51935.84162870209
340,SIUUU,Wrapped SOL,0.000252926542325665,68206.10803844825
341,CFA,Wrapped SOL,0.006443678261806817,29748.72572611179
342,SILLYCAT,Wrapped SOL,0.000000005291721478224807,45883.28984335952
343,BOME,Wrapped SOL,0.013987712428657694,730.4560192674572
344,WSB,Wrapped SOL,0.001996590749145609,102384.45523585517
345,MUCHO,Wrapped SOL,0.000182607111472305,15570.526206456178
346,ANTT,Wrapped SOL,0.3239145167133048,86703.84937377351
347,DOGE,Wrapped SOL,0.000011835987025876,34323.055622448606
348,Crying Cat,Wrapped SOL,0.00026881380218077,59630.667462166864
349,SEND,Wrapped SOL,0.000016569093913817,30477.206939364383
350,CRWNY,USD Coin,0.011845777950074677,25011.59580710686
351,WIWI,Wrapped SOL,0.000363292039162501,45340.08778550847
352,RUSTY,Wrapped SOL,0.000102071009089395,37456.83791809558
353,ATR,USD Coin,0.026392391824795164,83481.63275328443
354,BOWE,Wrapped SOL,0.03066475968030504,81003.90577957712
355,LSD,Wrapped SOL,0.000125262531033163,42728.97229050982
356,SHDW,USD Coin,1.406748378997777,9948.089468507493
357,SHIBSOL,Wrapped SOL,0.000009769758582624,13713.311234147099
358,DXL,USD Coin,0.018182551932981923,8559.730740704319
359,PUP,Wrapped SOL,0.000532427239039758,163863.79053587033
360,VIZION,Wrapped SOL,0.02827356154768088,87007.24770268521
361,SONDA,Wrapped SOL,0.002447423451529781,65921.34607312107
362,ELGATO,Wrapped SOL,0.000166590672823167,101069.18715210858
363,COC,Wrapped SOL,0.000002300937458635,76602.4993317858
364,COME,Wrapped SOL,0.001717519239129734,85475.85427792645
365,COL,jeo boden,0.018065866316524484,1465.2999993983278
366,CrazyBunny,Wrapped SOL,0.0000000008076520268454821,26884.757344111185
367,ERC20,Wrapped SOL,0.31294573053070457,45559.43723380607
368,$JEZUZ,Wrapped SOL,0.000064926042813493,35697.88541449375
369,SOLZILLA,Wrapped SOL,0.0000000022151718461180712,40400.727871915326
370,CRWNY,Raydium,0.011889267296261968,8201.664992559774
371,BOME2,Wrapped SOL,0.000009856769952345,111586.41822401805
372,SBC,Wrapped SOL,0.000290534511618965,62580.607818955694
373,RODAI,Wrapped SOL,0.000000023228323193406658,105388.1916214798
374,GENE,Raydium,0.346180283254206,15508.68559884158
375,THOL,Wrapped SOL,0.00000136405851004,25017.872089383432
376,SOLMEME,USD Coin,0.00000020073519382194115,1912.0744950912913
377,TIME,Wrapped SOL,0.000917904540056201,43672.727656610245
378,COL,USD Coin,0.01825890561641043,1764.3655543947057
379,DIP,Wrapped SOL,0.000029268669305669,26637.118109000636
380,POOWEL,Wrapped SOL,0.001710953348547161,128544.35370957757
381,OGCINU,Wrapped SOL,0.00000016306724059029462,112458.15628504395
382,CASH,Wrapped SOL,0.014723264169049599,84419.4198249893
383,PIF,Wrapped SOL,0.00001357313612655,61920.60627379984
384,MOBILE,USD Coin,0.004406140661964737,4946.336327785304
385,fort,Wrapped SOL,0.000456687934663279,36759.09116521862
386,SOLPAD,Wrapped SOL,0.000092787033773946,18225.89198962078
387,AI,Wrapped SOL,0.001521523680746649,39661.38296387324
388,TULIP,USD Coin,1.1854797942279367,13490.513762102992
389,NINJA,USD Coin,0.04805876245699359,4363.269478218801
390,TRUMP,Wrapped SOL,0.000148464744838907,71051.56356295744
391,$Block,Wrapped SOL,0.15448012055193933,14906.876552098258
392,$BCLAT,Wrapped SOL,0.001041720110423828,39985.20632890091
393,ELU,USDT,0.019026570566475016,52297.8379012067
394,EGG,Wrapped SOL,0.003493998565360674,101350.0822420002
395,OHYEAH,Wrapped SOL,0.000389155617902595,32902.83495931371
396,JK,Wrapped SOL,0.006239048682677285,1673.0024950589498
397,FLACO,HARAMBE,0.00005755846577951,5080.581993673774
398,STUDY,Wrapped SOL,0.000622938588049793,70344.87580909273
399,AMOGUS,Wrapped SOL,0.00192429993068319,91061.29937624234
400,$FEKBOOK,Wrapped SOL,0.000101765650345455,48302.91652975092
401,COW,Wrapped SOL,0.000037032963529758,16500.44378862475
402,SOLWARS,Wrapped SOL,0.0165746240315768,47475.14366353598
403,CHART,Wrapped SOL,0.000093489598122366,23776.648018608517
404,TRUMPEPE,Wrapped SOL,0.00000000039073117806127325,32024.048188686975
405,PRISM,USD Coin,0.004078272468661217,7433.824365686105
406,DOGGO,USD Coin,0.000000010084391271446829,5962.004726385648
407,HAGGORD,Wrapped SOL,1.0916122855203376,100737.51035672211
408,NOS,Wrapped SOL,0.002759656629849264,78222.60119162063
409,TIGER,Wrapped SOL,0.000003367417181686,2239.051887347705
410,ZBC,USD Coin,0.03976449556720913,10212.931314187157
411,CATFISH,Wrapped SOL,0.000304298472250745,13826.009408841905
412,SOLY,Wrapped SOL,0.001018167530976167,57444.41607637425
413,GENE,USD Coin,0.3447103778406507,7996.6119454994705
414,ETH,Wrapped SOL,336.84187901386537,7629.248252794677
415,MIM,Wrapped SOL,0.001112712255464174,77856.00472363667
416,FLACO,Wrapped SOL,0.000057989657772521,5802.727741829799
417,Dogg,Tyro,0.000433412712721541,11598.440835353864
418,croc,Wrapped SOL,0.000948652129773816,91608.17480497943
419,YUGE,Wrapped SOL,0.000341389995930525,3943.513940979362
420,EXGO,Wrapped SOL,0.057242268332836146,27101.75991934452
421,WOOF,Raydium,0.000140433490426896,6721.267726336267
422,CHIPI,Wrapped SOL,0.00084938224969199,76270.91544418405
423,STEP,USD Coin,0.06584137514266558,29952.382865654785
424,STASH,Wrapped SOL,0.000650255836875583,130056.92770172685
425,CDC,Wrapped SOL,0.000207607112681213,37872.016629387115
426,WHALE,Wrapped SOL,0.000036337160403026,54226.97457609146
427,CRONK,Wrapped SOL,0.0000009272609064314321,25390.013292222313
428,SONIK,Wrapped SOL,0.000592978508631192,9712.686554578846
429,CWR,Wrapped SOL,0.005171446754889369,106949.77972023813
430,CWAR,USD Coin,0.03759665104965243,72255.19321378594
431,TWTR,Wrapped SOL,0.000175408794263383,23285.92302397913
432,DEX,Wrapped SOL,0.002894565631404399,47227.5759901065
433,JASON,Wrapped SOL,0.000209387437237857,49186.9009449147
434,GOAT,Wrapped SOL,0.00008573205047018,24082.098550333933
435,MORT,Wrapped SOL,0.000935850451878026,39594.455261727184
436,AKUMULAT,Wrapped SOL,0.000021688483921436,59338.420708017446
437,TMRW,Wrapped SOL,0.000381156711945684,20412.296671067812
438,WOOF,USD Coin,0.000140199637462213,3863.2000092938906
439,SOLPAD,USD Coin,0.000092849051190137,9772.430383689465
440,GM,Wen,0.000000005722314377487355,3990.8128615761916
441,BASE,Wrapped SOL,0.000148120921408005,30976.359102224396
442,KOW,Wrapped SOL,0.000017881843787454,22086.736247520716
443,SCOIN,USD Coin,0.020868956210528585,3627.8290045414
444,Leia,Wrapped SOL,0.000860323832271302,51621.21558851988
445,WLKN,Wrapped SOL,0.007052140020486901,789.8245877930563
446,SOLANA,Wrapped SOL,0.000359931290156162,56788.355912269406
447,LAPTOP,Wrapped SOL,0.000844345202714472,46414.14656551545
448,PHTEVE,Wrapped SOL,0.001507703326687467,45067.2504592062
449,LOAF,Wrapped SOL,0.000146201123570566,55686.965782920095
450,WEN,USD Coin,0.000335038866992752,1109.9003657728579
451,KOI,Wrapped SOL,0.000962426611363079,29458.118604198244
452,SCOIN,Wrapped SOL,0.020873081347586846,7302.726103678257
453,GUAC,Wrapped SOL,0.000000313438643834754,2907.4458928390354
454,$DONUT,Wrapped SOL,3451.8233441307957,24839.273970419606
455,SWH,Wrapped SOL,0.000014991452513956,26541.230023898825
456,$DUMMY,Wrapped SOL,0.000006506483348657,33.362875967429964
457,MPLX,USD Coin,0.1737184962965686,49697.78011509585
458,pussyinbio,Wrapped SOL,0.001659701015897677,142577.62708303632
459,PIF,Wrapped SOL,0.000058946846074521,22639.10141787424
460,WIFR,RETARDIO,0.000003395525210328,3525.4529837304885
461,BYAT,Bonk,0.000467585628375979,8145.458728016592
462,Sockington,Wrapped SOL,0.008870592967561352,17774.27048766466
463,HIDLER,Wrapped SOL,0.000131418900274688,11134.822537499682
464,STBOT,Wrapped SOL,0.004491070483796159,142280.0138523902
465,CHUCK,Wrapped SOL,0.000704844970009802,49854.3579339655
466,REMILIO,Wrapped SOL,0.000352037951214478,24296.765531901066
467,AART,Wrapped SOL,0.002333237055212621,4977.529190030501
468,NAFU,Wrapped SOL,0.000013540438750175,3101.5486676607447
469,BOOP,Wrapped SOL,0.000030742859194326,20879.890442059594
470,wifai,Wrapped SOL,0.000168040258253391,45726.34037078861
471,BOBO,Wrapped SOL,0.000222341345770216,21913.30549167001
472,PHAUNTEM,Wrapped SOL,0.037514652960990144,45656.5336792383
473,PIGGY,Wrapped SOL,0.000013886541897985,26519.413069745664
474,mockJUP,Wrapped SOL,0.003287201342897066,2623.037891674876
475,RARE,Wrapped SOL,0.013400268434286126,7407.6920968485965
476,SSHIB,Wrapped SOL,0.000000013295061608624227,31683.96458288408
477,BURRRD,Wrapped SOL,0.000000014562422467163862,26685.477201318103
478,Seletti,Wrapped SOL,0.001519547924592192,42084.20515376563
479,WIFR,Wrapped SOL,0.000003398903727638,3643.83448580679
480,$RETIRE,Wrapped SOL,0.00006226840083332,89022.89542239573
481,MEALS,Wrapped SOL,0.00000008754633125585499,1388.2157650301988
482,ROCKY,Wrapped SOL,0.002585068388760178,67300.77266663422
483,CROCS,Wrapped SOL,0.000536581944880123,13408.781037604074
484,POS,Wrapped SOL,0.000109518023043439,32057.843512531937
485,SLO,Wrapped SOL,0.00160195324691921,103301.23463064754
486,MEDIA,USD Coin,22.403891312104037,91971.98773389042
487,MYLO,Wrapped SOL,0.000068437597531508,22649.294182068956
488,GMRX,Wrapped SOL,0.00025541014771761,27897.7078178772
489,BSKT ,Wrapped SOL,0.00003765701462906,4702.9421693637305
490,POLA,Wrapped SOL,0.004968455479074357,44908.952324904785
491,CUTE,Wrapped SOL,0.000034294393680744,204714.1892422124
492,LIKE,Raydium,0.11726592864927816,415.3725248773873
493,ZORG,Wrapped SOL,0.000261154945186386,25030.13369678818
494,STARS,USD Coin,0.1403598924526678,11051.410878724795
495,DRAC,USD Coin,0.000015516711815578,2848.1888092930126
496,SPWN,Wrapped SOL,0.000052418116222345,342.7821869057488
497,CT,Wrapped SOL,0.000015083800364786,22291.451588449363
498,SMOLE,Solana E,0.00000000845538973362229,591.8724785832829
499,WHY,Wrapped SOL,0.003323952842120589,36722.518765760244
500,UPDOG,Wrapped SOL,0.000671273631249647,34701.227299473314
501,daoSOL,USD Coin,204.38092818964205,907.3563319644147
502,BAMBOO,Wrapped SOL,0.002271330049241293,24928.27150874926
503,L,Wrapped SOL,0.00058233362593653,18153.055653970114
504,$Chad,Wrapped SOL,0.000239899573662145,14336.706660114532
505,GECKO,USD Coin,0.000098562236681368,6967.710826598199
506,KIN,USD Coin,0.000023975388894831,169.76064732027018
507,SIMBA,Wrapped SOL,0.000918671025243348,49253.60591748782
508,GRIPPY,Wrapped SOL,0.000001842764938937,1684.4158196345124
509,MOSK,Wrapped SOL,0.10677255819542991,27812.06715622184
510,BOYF,Wrapped SOL,0.000085700403945245,32259.453127223827
511,SUPER,Wrapped SOL,0.000175953484176077,24503.803606193145
512,BONKC,Wrapped SOL,0.02655484482000814,13946.205810197513
513,SOLKIE,Wrapped SOL,0.002234763087109035,35465.39934501233
514,SBABYDOGE,USD Coin,0.00000008682972972341925,8052.25124692535
515,Gators,Wrapped SOL,0.00000003960369483303662,19197.74203131835
516,SOLPAD,USDT,0.000092865854592966,6530.693369644403
517,FWOA,Wrapped SOL,0.00060564738231582,1460.6993468312014
518,SBONK,Wrapped SOL,7.581076689865039,16131.161805451722
519,SBR,Wrapped SOL,0.004269473265280617,2478.547624014004
520,NIKE,Wrapped SOL,0.0000027971339422,15040.55514317039
521,LMF,Wrapped SOL,0.21213066711600886,3032.0736234607452
522,HTLOH,Wrapped SOL,0.004148608792658741,21943.724285122924
523,HorseMeat,Wrapped SOL,16.627361419670883,4831.592493518015
524,SPDR,Wrapped SOL,0.021626210236728408,12818.478310015587
525,ANUS,Wrapped SOL,0.000109243658391974,59227.42606905225
526,ARB,USD Coin,0.000999637943004313,951.9942658619518
527,SWIF,Wrapped SOL,0.000077519311870732,34608.51501274829
528,VINE,Wrapped SOL,0.000301430309438743,44478.54909434822
529,BLOCK,USD Coin,0.07324915942213354,17489.768176560414
530,PUPS,Wrapped SOL,3.1985487419736107,74005.30000995279
531,PUFF,USD Coin,0.02447819834427004,11521.092926856427
532,COMFY,Wrapped SOL,0.000176790919458128,16999.48595354004
533,YOM,USD Coin,0.08165576207658751,21824.092736528422
534,SWAG,Wrapped SOL,0.013709052179302808,47924.86728058521
535,SCOIN,Bonk,0.020862444362400603,3300.4628126550774
536,$TRUMPINU,Wrapped SOL,0.003059581257382964,59018.340699639
537,CHEEMS,USD Coin,0.0015168470082692,8969.072811540605
538,harold,Wrapped SOL,0.000296301189556155,22907.883148625893
539,MCB,Wrapped SOL,0.000117041101518152,1797.8979631644836
540,DIAMOND,Wrapped SOL,0.000211311538932998,11568.681207148793
541,FCON,USD Coin,0.000602630273550406,25394.467950784823
542,stSOL,Wrapped Ether (Wormhole),215.34333716513902,2531.5972300965973
543,BANG,Wrapped SOL,0.010102881100750001,49254.07918613321
544,BREAD,Wrapped SOL,0.000002525996058895,425.73412700065956
545,HONEY,Wrapped SOL,0.15437263912338248,8559.009389399434
546,GARI,USD Coin,0.04199833744946135,20014.491413503685
547,DARK,USD Coin,0.5762185210607073,7799.285025193131
548,DMME,Wrapped SOL,0.000046073669125644,33439.846134837004
549,$moladie,Wrapped SOL,0.000099216918450473,21856.038993834612
550,DPAY,Wrapped SOL,0.01354070699880389,45611.55973801736
551,SYP,Raydium,0.002361997938995215,4490.4175263685365
552,$BAYSE,Wrapped SOL,0.000248518658104422,17600.27603747278
553,GNOME,Wrapped SOL,0.01397950234092985,13103.316753175382
554,SIZE,Wrapped SOL,0.000139764504196195,5694.41989021119
555,DRAC,Wrapped SOL,0.000015544600215169,2123.8418346339113
556,FM,USD Coin,0.4794455264640327,1390.677459696104
557,JOOF,Wrapped SOL,0.000042322663488578,11892.447592379849
558,SOLFI,Wrapped SOL,0.005504559404473068,71998.04133117228
559,MILK,USD Coin,0.001395516442645804,3912.269893516369
560,PEPECUM,Wrapped SOL,0.000315789040303574,29854.37814303052
561,FEDUP,Wrapped SOL,0.00000000012911813576258513,2929.8759640972194
562,TAOSHI,Wrapped SOL,0.1185980693972307,76232.7591161235
563,ILY,Wrapped SOL,0.000003835910867345,2052.330113293646
564,PbP,Bonk,0.010484404226089794,2126.9795411580576
565,PbP,Wrapped SOL,0.010491065130258923,3812.3563396041477
566,SEM,Wrapped SOL,0.013962402396967914,25204.51215265847
567,DFL,USD Coin,0.001971298396990087,15540.413237636389
568,microSOL,Wrapped SOL,1.6450150655628768,934.2254184752668
569,TGSOL,Wrapped SOL,0.000001230470471205,25881.948815379157
570,pepe,Wrapped SOL,0.000485478336564943,20307.689064062793
571,DTRUMP,Wrapped SOL,0.000267440732655608,27900.28970996738
572,WETH,USD Coin,3445.7787535754173,1342.0198299184565
573,PUPS,Wrapped SOL,0.000148282750417584,19161.974338292155
574,PEPEL,Wrapped SOL,0.000016177984004645,9735.047443846677
575,GM,Jupiter,0.0000000056993574071979165,2131.422151426183
576,GBOY,Wrapped SOL,0.000729292249601309,15419.379737841065
577,SOLPAD,Raydium,0.000092942959680828,2711.3452134127856
578,FATCAT,Wrapped SOL,0.000178652994184033,17346.127416505733
579,BLOCK,Wrapped SOL,0.000353551045930517,30270.258018818444
580,WTF,Wrapped SOL,0.000347389406191455,17824.623414057085
581,UNVAXSPERM,Wrapped SOL,0.000163696349571442,28864.5128493267
582,TUZLA,Wrapped SOL,0.000246492013209818,35399.73020512405
583,Longcat,Wrapped SOL,0.000396256717171106,48002.71158501186
584,SLND,USD Coin,1.838934667734293,4021.694126775013
585,JBODEN,Wrapped SOL,0.000029207307173355,13659.397696459182
586,KAD,Wrapped SOL,0.000122320192724844,1077.7377274146133
587,YMD,Wrapped SOL,0.000001822907898117,11327.181382722669
588,PAINT,Wrapped SOL,0.000665527969447148,21775.340151196786
589,TOGO,Wrapped SOL,0.000182126755193722,161039.153183687
590,BELIEB,Wrapped SOL,0.000060702102673001,15111.981936847047
591,LOOM,Wrapped SOL,0.000099269591164708,50545.41638660976
592,JTO,Wrapped SOL,3.0091497997739474,2416.7979204913177
593,COKE,Wrapped SOL,0.004117970076195743,23061.944768050387
594,WBNB,USD Coin,574.08233370553,7361.568725161883
595,SWIFTIES,Wrapped SOL,0.00301542596153095,28217.944823411646
596,FART,Wrapped SOL,0.00000143801754732,7962.85053125864
597,SOLTH,Wrapped SOL,0.000011007814123552,10882.5121962011
598,PIKA,Wrapped SOL,0.000117320593790917,13500.817271807638
599,PLEB,Wrapped SOL,0.00015259261793511,28154.779313526193
600,HAMMY,Wrapped SOL,0.000495170187399621,45728.99065125002
601,PONK,Wrapped SOL,0.00000001827520771635735,6232.095123042682
602,GENZ,Wrapped SOL,0.00058822280185126,483.0726257719281
603,FIDA,Raydium,0.5019061346588017,5012.352450998993
604,FIST,Wrapped SOL,0.00033616225124217,21248.537643429197
605,TRIAL,Wrapped SOL,0.001016752234358053,11410.931056097632
606,CLAWZ,Wrapped SOL,0.000009217118795928,7838.3056159851785
607,COAT,Wrapped SOL,0.000027226141737521,12321.45356210449
608,ALTMAN,Wrapped SOL,0.00000000004474803965415804,11889.556926320256
609,MVP,Wrapped SOL,0.09203801140283643,18181.55801451745
610,LARIX,USD Coin,0.000280400595208298,4690.774916135104
611,$SPIN,Wrapped SOL,0.000008590817940111,8337.875816785294
612,WSB,Wrapped SOL,0.00012551775471856,1036.96351866348
613,SOLCAT,Wrapped SOL,124.04356701508618,24701.53143068208
614,SHARK,Wrapped SOL,0.005164235453548809,47059.25406170943
615,Wojak,Wrapped SOL,0.000186186180967995,25648.909640806465
616,SYP,Wrapped SOL,0.002368659271075331,2318.96589560304
617,KORRA,Wrapped SOL,0.0175533929673397,52526.558949809274
618,MEMES,USD Coin,0.004567183900013525,9122.83147761271
619,DWIFC,Wrapped SOL,0.000008677506455569,1380.1692548342025
620,SYP,USD Coin,0.002367609561381576,2708.105345996964
621,SORRY,Wrapped SOL,0.000241463398868929,79500.70580711904
622,SOLCOW,Wrapped SOL,0.000031487916379536,6703.131526361783
623,GTA,Wrapped SOL,0.025342892299026264,21004.507487468305
624,TALISMAN,Wrapped SOL,0.00005313127252558,21353.118903888717
625,yourmom,dogwifhat,0.000002517593431248,1574.3081110492985
626,SPACEFORCE,Wrapped SOL,0.000177792711632999,175.8864916760763
627,MAFIA,Wrapped SOL,0.000177496372303914,21878.25785227657
628,SMOGüêâ,Wrapped SOL,0.000143249811146672,690.9983634470257
629,JUP,USD Coin,1.3006249432813934,1113.8185419944507
630,DIP,Wrapped SOL,0.0007909576591591,30273.886272352538
631,Peke,Wrapped SOL,0.000106101191723185,16626.73504050801
632,WAG,USD Coin,0.004205010617841578,6154.79707827344
633,BOG,Wrapped SOL,0.000101202147577444,4212.111157408764
634,LIQ,Raydium,0.002575833310105147,715.4759832661756
635,DUGE,Wrapped SOL,0.000059155902092943,12219.677360975777
636,yourmom,Wrapped SOL,0.00000251399586758,1847.8352149358795
637,SCS,Pixel by Pixel,0.018159056977724856,1952.0930886617668
638,HOGE,Wrapped SOL,0.000205090698456117,40885.539472897406
639,DPAY,USD Coin,0.013556083359768947,10964.46851098823
640,FRKT,Wrapped SOL,0.2911846258907337,13304.877292806132
641,HBB,USDH Hubble Stablecoin,0.30954307643585727,7571.942613353761
642,AUDIO,USD Coin,0.2814045542260769,25304.84935958404
643,MBS,Wrapped SOL,0.0278065325073649,6.342120599625199
644,MYRO,Wrapped SOL,0.000002872032556882,13446.823297793355
645,LARIX,Raydium,0.000280766044611395,1946.2613939947666
646,SolChad,Wrapped SOL,0.000003326241437521,6411.7697516041835
647,TRUMP,Wrapped SOL,0.000019440409569121,21779.866821677242
648,BabyBonk,Wrapped SOL,0.006406202613767596,17213.522646803573
649,SRM,Wrapped SOL,0.061780083484357734,2527.537846408861
650,MER,USD Coin,0.000355181577685204,412.8883345116723
651,DIO,USDT,0.04649504298670591,31277.871283131815
652,RDDT,Wrapped SOL,0.000006308887239804,10223.080036295481
653,QBIT,Wrapped SOL,0.000638551847246514,21558.981988038533
654,TOPG,Wrapped SOL,0.000031977278118649,23469.95389997606
655,DRUGS,Wrapped SOL,113.90984058221089,17336.73525432158
656,bSOL,USD Coin,206.16814573545008,68.22257034419818
657,MBS,USD Coin,0.0278290793369359,18377.720743587357
658,SAMSUNG,Wrapped SOL,0.000023329900575161,6124.7485757383365
659,$BIAO,Wrapped SOL,0.000055054558894494,15361.588110545306
660,BOOP,Wrapped SOL,0.001645508876887063,2721.325560892553
661,FENT,Wrapped SOL,0.000044565819609127,17867.77216218439
662,WHORTEZ,Wrapped SOL,0.000179810532790592,14241.723030829116
663,BOO,Wrapped SOL,0.000007619626694922,10161.822381530696
664,NAZI,Wrapped SOL,0.000017745369480327,10967.43090452922
665,MOON,Wrapped SOL,0.000135860939785043,11863.71125310612
666,BOP,Raydium,0.000387375394414432,2377.106110208809
667,SDOGE,Wrapped SOL,0.000064233563700161,3657.0338084871596
668,Puri,USD Coin,0.000160424488587759,2613.9068801190247
669,CHURRO,Wrapped SOL,0.000926948976729536,20135.861758227635
670,ORACLE,Wrapped SOL,0.3836223033079916,26993.488981919894
671,$BETTI,Wrapped SOL,0.00002788161240921,28713.717056970916
672,AURY,USD Coin,0.8843168550198349,2976.091489909439
673,AART,Raydium,0.002326795454889813,1975.7903202411367
674,KIN,Wrapped SOL,0.000023984863912522,791.6987071778202
675,PICK,Wrapped SOL,0.000001686785669642,6307.8534358371535
676,DISGIRL,Wrapped SOL,0.000056933387689466,22792.89936182828
677,PLINK,Wrapped SOL,0.000339806585152055,15248.659502066137
678,WUT,Wrapped SOL,0.00977892386252091,9990.632125783875
679,ANTC,USD Coin,0.07696311257670124,1040.31639110191
680,YUGI,Wrapped SOL,0.001543225179877588,15216.62151372015
681,SHEPE,Wrapped SOL,0.000099428915664495,10889.133897502317
682,MONKEY ,Wrapped SOL,0.000054439855874524,10438.315843841332
683,Jackie,Wrapped SOL,0.000001795744459296,7818.799783545987
684,OXY,Raydium,0.07812317158690028,16571.286848606796
685,SMUG,Wrapped SOL,0.000065151892878796,23740.609502938878
686,DRAGON,Wrapped SOL,0.000000000008257499735958317,12844.397474356963
687,LSD,Wrapped SOL,0.000000024282491891165137,19641.0265980714
688,TULIP,Raydium,1.186666053856924,574.707951114879
689,Bonk,Raydium,0.000023817152557943,369.0496692440433
690,ETH,USD Coin,338.31168743826146,563.1015734749694
691,TRUMP,Wrapped SOL,0.000227481661622815,14370.559248209496
692,Wealth,Wrapped SOL,0.00000003448488148197866,2851.8216260961494
693,FLOOF,USD Coin,0.000001015225622318,3187.96545618556
694,BOPE,Wrapped SOL,0.000135826137367745,21324.67492301634
695,ROBIN,Wrapped SOL,0.000081718788471591,19798.4719304641
696,AMC,Wrapped SOL,0.000327716639526066,14000.97041222603
697,REAL,USD Coin,0.16363588152582156,28185.666116596174
698,MOOSE,Wrapped SOL,0.000082183059126778,9509.69394636966
699,WIF2.0,Wrapped SOL,0.000020940445709636,14987.195672018344
700,CREW,Wrapped SOL,0.000028859412711023,10698.554142827406
701,FLACO,USD Coin,0.000058004924781685,1018.7355717135522
702,Crack,Tyro,0.000010923140368297,1556.7084357561914
703,SBABYDOGE,Wrapped SOL,0.00000008707204376516877,1259.1876545391297
704,WEF,Wrapped SOL,0.000150390395626614,23852.655730839157
705,DBiden,Wrapped SOL,0.000092387835061487,8897.809568301609
706,GFOX,USD Coin,0.000008286679687923,12171.814384905154
707,JAR,Wrapped SOL,0.000020494074849206,8937.259628177653
708,Egg,Wrapped SOL,0.000027201582284374,8389.473223667248
709,Marlboro,Wrapped SOL,0.000083454591116858,6896.379662583109
710,PYTH,Wrapped SOL,0.9377161960656302,1065.5793597671454
711,MNGO,USD Coin,0.020125274678994026,6830.02653245593
712,LTX,Wrapped SOL,0.000047029021128672,6330.288306129637
713,WHIPPER,Wrapped SOL,0.000019379808855054,681.1767976629264
714,CTHULHU,Wrapped SOL,0.00044838350436436,19759.81890618823
715,MOLLY,Wrapped SOL,0.000019177341667256,18779.75302163076
716,LIQ,USD Coin,0.002567216946607923,1672.2371031204796
717,FORGE,Wrapped SOL,0.041312143776497195,4031.4592259847986
718,SHREDN,Wrapped SOL,0.013356758637742916,33388.39045212904
719,olen,Wrapped SOL,0.002902862223132652,14532.386814508958
720,$MARVIN,Wrapped SOL,0.000166418362051311,19071.9719000456
721,$HPPC,Wrapped SOL,0.000046628018367529,14934.987512113606
722,PHX,USD Coin,0.000013613625935925,549.0378119911027
723,wef,Wrapped SOL,0.000068023573455953,12999.11809940491
724,Doge,Wrapped SOL,0.000035508069366602,10433.886381992923
725,GM,Bonk,0.000000005723632790628203,1094.352062159323
726,bukkake,Wrapped SOL,0.08593207677118561,14119.642796421134
727,SHIB,Wrapped SOL,0.000046246079833367,28070.21342283823
728,DOGALD,Wrapped SOL,0.000000020199100002878787,18563.699035858655
729,PbP,Wen,0.010520215275773466,419.6910895708515
730,INU,USD Coin,0.000189788938793684,3114.1490146980545
731,SOOL,Wrapped SOL,0.000006479117586081,1256.5033911190067
732,CURVE,Wrapped SOL,0.0000004986460808452612,1023.7788024327413
733,FM,Wrapped SOL,0.4814599424517186,367.5078243133613
734,KNOB,Wrapped SOL,0.000081041803949655,14690.776170160749
735,ORBT,Wrapped SOL,0.028165065620382863,2687.065841714874
736,MEFT,Wrapped SOL,0.00177652634333899,18930.887902975024
737,AWIF,Wrapped SOL,0.000034248209531346,23660.02764122066
738,YISUS,Wrapped SOL,0.001860634911867847,10300.994019087128
739,BEAVER,Wrapped SOL,0.018596340682465656,37054.75985897185
740,BOSOL,Wrapped SOL,0.000028293288831201,2901.902237974027
741,HGT,USDT,0.002973857601582122,12618.965944428188
742,LMEOW,Wrapped SOL,0.000086798341596725,12884.916570416975
743,SOLEX,Wrapped SOL,0.017372996139511494,77326.59890395543
744,ROCK,Wrapped SOL,0.0000000010954038062209972,8389.54251955743
745,ARB,USD Coin,0.000993795700032303,228.01612120079733
746,TOBR,Wrapped SOL,0.000031417365255095,6297.752877438399
747,BONKEY,Wrapped SOL,0.000035033420227499,10433.300982287987
748,CBDC,Wrapped SOL,0.000003008365040183,16890.51804654416
749,NVX,Wrapped SOL,0.01856225365542417,8457.593431256879
750,ARB,Raydium,0.000992370035555371,355.92836494671485
751,MOBILE,Wrapped SOL,0.00439152237691882,767.1798551679377
752,RENDER,Wrapped SOL,10.827386407207788,2337.6708718836417
753,LADYS,Wrapped SOL,0.000006379443575204,2680.668651395067
754,CHAD,Wrapped SOL,0.000084226513500076,11392.952469779195
755,TREX,Wrapped SOL,0.000359771872112063,8835.234440296264
756,Penis,Wrapped SOL,0.002672791373205061,23816.641923750492
757,SHDW,Wrapped SOL,1.408564770226894,403.26379424301064
758,LTX,USD Coin,0.000046998381582987,1890.0024894558521
759,TONY,Wrapped SOL,0.000010010288173596,7241.91164089441
760,BENGAL,Wrapped SOL,0.00006195177455092,9067.098513296505
761,WIFR,USD Coin,0.000003394786788332,582.1224134043567
762,SHIBAG,Wrapped SOL,0.000005666340228512,9437.389106101182
763,HGT,Wrapped SOL,0.002962904417474615,6451.2332619167955
764,MEAN,Wrapped SOL,0.03622683222809729,1467.8269534346716
765,Mortal,Wrapped SOL,0.0000005313292693557125,8065.932304064548
766,JASMY,Wrapped SOL,0.00000041416655731598777,1841.7402136607632
767,SOLMUSIC,Wrapped SOL,0.002029718844944515,6162.834069436716
768,BOSU,Wrapped SOL,0.00000000008316666350751895,295.0976630909384
769,DOGER,Wrapped SOL,0.000000000004099351114931117,0.03728878608894353
770,WSBS,Wrapped SOL,0.000104710699988883,14589.23674809014
771,EGG,Wrapped SOL,0.000001300826784916,12107.716190016794
772,PbP,USD Coin,0.010476085697841012,657.3078013425877
773,NEON,Wrapped SOL,1.4322307501478093,198.15727302176512
774,NVDA,Wrapped SOL,0.000060429690326959,5660.152174620735
775,AART,USD Coin,0.002331367929826819,1025.0407327115583
776,MUST,Wrapped SOL,0.000890955374361174,13898.5795527465
777,SOLPENG,SOLAMB,31.49548903293103,13434.741624447155
778,DGEN,Wrapped SOL,0.000020310202659091,2641.2982030973753
779,CECIL,Wrapped SOL,0.000240462174026771,6643.5803432464145
780,LOST,Wrapped SOL,0.000210299742040944,14042.027785417145
781,2080,USD Coin,0.014246633156681456,1012.8733639186297
782,DUST,USD Coin,0.349826691840031,1181.330682262453
783,SWIRL,Wrapped SOL,0.002089587644434728,16863.213986141458
784,CMFI,Wrapped SOL,0.00310579913699814,861.152088259388
785,Cope,Wrapped SOL,0.0000000021733594366231915,3094.8613550014584
786,BOLD,Wrapped SOL,0.000083657228830737,7379.391681680208
787,SLRS,USD Coin,0.005394449901851921,2187.353610119195
788,DWH,Wrapped SOL,0.000926570755880485,5340.742608092874
789,CATMAN,Wrapped SOL,0.001607464463494541,11055.448011349872
790,$smole ,Wrapped SOL,0.00000011989841594381083,627.9628190222217
791,GFOX,Wrapped SOL,0.000008311579005852,4844.92334475289
792,SDOGE,Jupiter,0.000064125600771429,1273.5246574518198
793,BOK,Wrapped SOL,0.002845567712467728,1310.0189641988072
794,COPE,USD Coin,0.10211120025899115,824.0742514065574
795,SDOGE,USD Coin,0.000064183166954992,1903.2624978104063
796,TACOCAT,Wrapped SOL,0.000107099619732366,16972.332834797526
797,DEGEN,USD Coin,0.000047201862812317,6894.6821336498115
798,PONG,Wrapped SOL,0.000517791767665173,16993.82993987837
799,SBABE,Wrapped SOL,0.000020583133988258,10140.037486320445
800,SGRA,Wrapped SOL,0.00007566688549856,955.5586636499992
801,DUST,Wrapped SOL,0.3485235201461461,446.47686229624605
802,CHPMK,Wrapped SOL,0.000008587449110668,6961.016213693384
803,ÂçéÂ§è,Wrapped SOL,0.000134567629296412,3112.4636060530124
804,DGEN,Wrapped SOL,0.004203133428682813,1738.9885860377606
805,ZAMZUNG,Wrapped SOL,0.000039405713072261,9527.984981462161
806,doeg,Wrapped SOL,0.000006717342499631,23273.563937547635
807,BABYDOGE,Wrapped SOL,0.000050491061777523,7798.019118062972
808,SUIT,Wrapped SOL,0.00000020312692643948258,3840.352097055979
809,MELON,Wrapped SOL,0.000053912117588774,5531.283558141307
810,MPLX,Wrapped SOL,0.17353327184651002,1275.755011032729
811,HYUK,Wrapped SOL,0.00003560188692913,9941.355852293469
812,HMTR,Wrapped SOL,0.00000002326498444717993,1903.9187477131138
813,ROOG,Wrapped SOL,0.042233664394563115,56.53742528422605
814,KING,Wrapped SOL,0.000002067175641039,10458.970802976604
815,NYXC,Wrapped SOL,0.06419139158480497,14858.214092082277
816,JEW,Wrapped SOL,0.000084818953995679,1285.454191997271
817,SB,Wrapped SOL,156.53679388654837,60576.31185750244
818,MYRO,Wrapped SOL,0.000654492416605809,12123.651149895313
819,NASA,Wrapped SOL,0.000007214063632755,2032.0988480624017
820,COOLS,Wrapped SOL,0.000634421216085142,12699.774580274672
821,$WEN,Wrapped SOL,0.00000015974843163161305,1899.3644066546485
822,SAYLOR,Wrapped SOL,0.000026353929305029,3156.9521601891383
823,PEDO,Wrapped SOL,0.000249306684867428,4918.70935038449
824,CukChair,Wrapped SOL,0.000047027301862252,5139.109636383646
825,AP,Wrapped SOL,0.000021323490399246,3113.769440126186
826,NONCE,Wrapped SOL,0.000196733149402115,9374.496625445148
827,STRUMP,Wrapped SOL,0.000109588560403155,10974.404160551838
828,ORCA,USD Coin,4.130534470060029,345.78961447326986
829,JSOL,USD Coin,217.0335749251593,345.6531636389643
830,RISE,Wrapped SOL,0.000035056246412373,4193.686608067291
831,BCAT,Wrapped SOL,0.000906932767369881,19116.21468438585
832,NOSEBUD,Wrapped SOL,0.00106357506287111,20237.312645530434
833,KAUAI,Wrapped SOL,0.000008782971738451,6949.44482253846
834,NEKO,Wrapped SOL,0.000330606068673873,13366.46874944782
835,STSHIP,Wrapped SOL,0.0000006120491130773571,8095.4792447266855
836,SLIM,USD Coin,0.36052923576131846,202.06275909637333
837,CHILI,USD Coin,0.00000000011606862206107441,1035.808571509712
838,MEAN,Raydium,0.03628177423972102,953.9936437850491
839,BYTE,Wrapped SOL,0.000030985503060892,13466.548331744558
840,SOBER,Wrapped SOL,0.000115793076317214,2469.8147141210998
841,PWIF,Wrapped SOL,0.000000002497425728099319,1462.404759557717
842,MOWER,Wrapped SOL,0.000120493773599335,13342.381433160912
843,AIR,Wrapped SOL,0.000234620122365361,17991.441895791722
844,BTC,USD Coin,1468.1389266377914,976.5369769085011
845,COL,dogwifhat,0.018137435758918272,269.8718321385968
846,BULLY,Wrapped SOL,0.000039933716691483,13271.866253220494
847,tUSD,Wrapped SOL,0.000000508680779348059,907.7137847747158
848,SEX,Wrapped SOL,36147.400294516316,894.7257292961079
849,Fleyd,Wrapped SOL,0.000143850791967071,17111.822937219535
850,CONDOM,Wrapped SOL,0.0000000067564175293439545,4589.267868480616
851,PbP,Raydium,0.010497956893766945,1033.9988755516183
852,$FROG,USD Coin,0.03881715359920484,7658.085201568874
853,SquidGrow,Wrapped SOL,0.000086687421403381,6264.427606141924
854,AOZ,Wrapped SOL,0.008997251093663455,40232.43328366477
855,PIP,USD Coin,0.13390375096186344,2200.2620323927918
856,PEEP,Wrapped SOL,0.000029799376356157,6665.426292975508
857,SHIB,USD Coin,0.000030225030374251,518.6616234605392
858,ELMNT,Wrapped SOL,0.000165442349270495,327.8515247788572
859,MCOQ,Wrapped SOL,0.000002599029553363,8812.63726810827
860,$SNOOPY,Wrapped SOL,0.006534221849156591,22253.89815477354
861,ROPE,USD Coin,0.00415075834665332,576.4829792167429
862,ALMC,Wrapped SOL,0.000127293816437047,13760.993398485665
863,hboden,Wrapped SOL,0.000211767465195189,12084.319781747274
864,ELON,Wrapped SOL,0.0000002444167129457765,1933.0953217933554
865,PHX,Wrapped SOL,0.000013659161605751,634.1391063326523
866,BLIMP,Wrapped SOL,0.001363926048640604,29577.757785258273
867,IC,Wrapped SOL,35.9816553729827,11593.62937690714
868,LMEOW,Wrapped SOL,0.000514187139450508,19613.436095995465
869,GENDI,Wrapped SOL,0.000046505786254155,14470.655297452762
870,WIFR,dogwifhat,0.000003387802409155,504.99768297225205
871,BORE,Wrapped SOL,0.006947403909660059,6909.422704012543
872,LIKE,Wrapped SOL,0.000598111334731268,75161.8760053784
873,MARSCOIN,Wrapped SOL,0.008236891524166177,17956.666584642604
874,TWUTCH,Wrapped SOL,0.000124845221821177,7403.2003921269725
875,NIGGA,Wrapped SOL,0.000089837576984453,5197.593882477029
876,CZOL,Wrapped SOL,0.001738248872286102,12901.609782365404
877,CLC,USDT,0.34327421224797455,1257.6935162376512
878,GPEPS,Wrapped SOL,0.000056550482920032,836.922624613192
879,INBRED,Wrapped SOL,0.000175169776142131,15376.773136788668
880,MWBO,Wrapped SOL,0.000357722994016129,25846.542191920144
881,ABSOL,Wrapped SOL,0.000011972470152077,725.8147863737141
882,SOLSPONGE,Wrapped SOL,0.000000004572499957299672,6545.813040182055
883,SLRS,Raydium,0.005407320669881558,74.28577635849962
884,$HORRIS,Wrapped SOL,0.000035648182286965,3293.8292766023383
885,SHIBU,Wrapped SOL,0.010714974678633759,10618.108075920984
886,KR,USD Coin,0.000193214399917611,373.4323655691217
887,yourmom,A Gently Used 2001 Honda Civic,0.000002512746973393,479.60147446958683
888,SOLANA,Wrapped SOL,0.000507159350402719,15873.239382909122
889,SBR,USD Coin,0.004272133760363965,882.7029950252153
890,SEYLER,Wrapped SOL,0.000079902066170031,8646.098128870006
891,SOLERF,Wrapped SOL,0.000011666055045944,6291.033396687483
892,SILKROAD,Wrapped SOL,0.000156804070193551,4804.43223668183
893,Neuralink,Wrapped SOL,0.1118679095990299,24359.41225950152
894,GM,dogwifhat,0.000000005721108308193901,224.21925913867798
895,VIBE,Wrapped SOL,0.000046339156401564,6844.819455940913
896,ACHI,Wrapped SOL,0.000135644195952994,9617.729356993786
897,FTX,Wrapped SOL,0.06721108988049701,10973.098767572817
898,kenidy,Wrapped SOL,0.000259024875170363,10539.58424833941
899,BOL,Wrapped SOL,0.000228289304519757,6396.393297558972
900,FEEL,Wrapped SOL,0.001125022529198575,650.9839116432972
901,KDOGE,Wrapped SOL,0.000849331144592239,1210.004865240025
902,HOWDY,Wrapped SOL,0.000163612644560414,15875.291503528773
903,THOR,Wrapped SOL,0.000121412752197702,25356.061635617134
904,MILK,Wrapped SOL,0.000019345603708423,36738.385227418505
905,STATE,Wrapped SOL,0.00000000003126769334477371,2275.746788396242
906,MEDIA,Raydium,22.64954884826043,62.28917873177635
907,FORGE,USD Coin,0.041393052655337575,1139.3572582180302
908,NWIF,Wrapped SOL,0.0182685054569271,3272.6991502099313
909,FTX,Wrapped SOL,0.000012407760718621,2337.672134910188
910,ERON,Wrapped SOL,0.000001008749668759,4730.26844659884
911,CHILI,Wrapped SOL,0.00000000011641101429412714,326.83928329522894
912,ELMNT,PRNT,0.00016550413275663,141.1892160551506
913,GOONSLER,Wrapped SOL,0.003440108159572442,6627.772505499206
914,SBO,Wrapped SOL,0.00000019931052734009774,304.32502957418984
915,RIZZ,Wrapped SOL,0.000000048081590796026187,6760.748997555532
916,TRWP,Wrapped SOL,0.000530886781168868,10147.706026256223
917,LEARN,Wrapped SOL,0.002099400403023036,10827.48605962147
918,NUDE,Wrapped SOL,0.000106180374234955,4629.810325074762
919,CWC,Wrapped SOL,0.000092474509507934,9323.780038323157
920,Babybonk,Wrapped SOL,0.000000000002182739683064774,418.4646494641684
921,COPE,Raydium,0.10145148606545908,214.1433471512569
922,MTL,USD Coin,0.000001869058389183,562.1839153080258
923,ALPHA,Wrapped SOL,0.00007516776546925,4062.20818732235
924,IRS,Wrapped SOL,0.000264115888077403,12008.843533758612
925,COL,Jupiter,0.01801700626901804,141.18121404825695
926,LLAMA,Wrapped SOL,0.000084903969821854,4158.241131952653
927,JEBUS,Wrapped SOL,0.00001215783319709,2367.338423560562
928,PENGY,Wrapped SOL,0.000285126221390167,3761.14259987354
929,NCHT,Wrapped SOL,0.003544472106051516,6857.388905266035
930,DOGBOT,Wrapped SOL,0.016057168334257004,3373.7026303421353
931,DONK,Wrapped SOL,0.000021642240303281,2519.874654787547
932,FEMBRO,Wrapped SOL,0.000067332115479896,1294.9142988094295
933,PRM,Wrapped SOL,0.000321565562153799,3369.6340081453136
934,GLEEK,Wrapped SOL,0.000201749703731691,3816.294445378604
935,NOBLE,Wrapped SOL,0.021751409604736188,3481.239929608461
936,SWOLE,USD Coin,0.000007496612191489,922.8926576380439
937,LEDGER,Wrapped SOL,0.000031968818464781,6805.225770544994
938,kalimbo,Wrapped SOL,0.000024260642313907,3813.7745988930924
939,TCHI,Wrapped SOL,0.000002505142777235,6095.99954633385
940,mesk,Wrapped SOL,0.14739540482516625,10946.53065788234
941,COL,Myro,0.017928166934602224,106.27871185543282
942,GUGA,Wrapped SOL,0.000000001268408168789594,695.8518607422773
943,BESA,Wrapped SOL,0.000206218910309365,12900.264648432436
944,NDOGE,USD Coin,0.000000003268892804220852,152.52754878279436
945,WISDM,Wrapped SOL,0.000369362896309768,11457.487422032402
946,$MILK,Wrapped SOL,0.000483756359645916,4022.0870791071866
947,RUGAN,Wrapped SOL,0.00000000816857868987327,4777.238221584803
948,HATBAG,Wrapped SOL,0.000014517836427487,4856.359203501437
949,DRAIG,Wrapped SOL,0.0001881244343405,5777.67994799638
950,retail,Wrapped SOL,0.08548791907215181,8348.313241268299
951,FRKT,USD Coin,0.2946912121383083,3776.7406398402295
952,$BIPCI,Wrapped SOL,0.002037859906977994,5565.541535632103
953,SOLABS,Wrapped SOL,0.000006077134477478,2194.1151493183293
954,Poofly,Wrapped SOL,0.000009712402453721,3458.8342897931448
955,FUPA,Wrapped SOL,0.00010155888690038,14124.21012755924
956,BabyBome,Wrapped SOL,0.000021833608680376,2519.8595262596054
957,PONZY,Wrapped SOL,0.000051449193480217,7650.673834203612
958,HARAMBAE,Wrapped SOL,0.000233749411140941,3209.165697914781
959,BRAWNDO,Wrapped SOL,0.000033098693601499,1462.8590424683773
960,NET,Wrapped SOL,0.002705542566813352,10149.660020217461
961,CRNCHWRP,Wrapped SOL,0.000021837387387887,5051.25969569967
962,PIP,Wrapped SOL,0.31467774053855274,9630.622257206925
963,CAT,Wrapped SOL,0.002207817830371744,42310.653779739674
964,SGD,Wrapped SOL,0.00000015634962224628804,1919.5622090090453
965,triangle,Wrapped SOL,0.000231335091190052,13092.677938026782
966,DGLN,USD Coin,0.00004138522645405,10242.989088698365
967,MAPS,Raydium,0.027964985090547463,1778.3801749179213
968,PbP,Jupiter,0.010490116892720214,254.4378774378088
969,FOMO,Wrapped SOL,0.03113079788687217,597.0015512038489
970,EMO,Wrapped SOL,0.000002031841935808,5182.758040013904
971,FOMO,Wrapped SOL,0.000438572355705255,7566.853543219385
972,69420,Wrapped SOL,0.000003161871974799,3977.586978062126
973,$POPO,Wrapped SOL,0.000609434297865731,10453.041069687242
974,SCAT,Wrapped SOL,0.000073303335118602,3857.7387669021173
975,USDH,Lido Staked SOL,0.9806321086283355,244.19468337236805
976,MEAN,USD Coin,0.036165326904796485,669.307909478754
977,NORIS,Wrapped SOL,0.000010187856085068,3405.4361383483324
978,TETE,Wrapped SOL,0.000027184007784221,10536.128951280574
979,MEV,Wrapped SOL,0.000047117952987183,2796.714875691647
980,BOBA,Wrapped SOL,0.000072475705503733,6947.343267032434
981,SLB,Wrapped SOL,0.015906130497639042,288.23050313054233
982,KITTI,Wrapped SOL,0.0000000015123744208777928,1224.8895779823717
983,SOLO,Wrapped SOL,0.00000361955164579,17618.185420443664
984,testsad,Wrapped SOL,0.000101523403906966,422.7701583025319
985,GOKU,Wrapped SOL,0.001733517219977545,4451.829745295134
986,RIN,USD Coin,0.29981523026354323,1647.5612241023152
987,KURO,Wrapped SOL,0.000326216306719957,88.02943239757927
988,niggamoto,Wrapped SOL,0.000011141321037617,2166.102945437792
989,BOBA,Wrapped SOL,0.000018436636607291,2963.075432939367
990,SER,Wrapped SOL,0.003251150590980951,8101.822861832254
991,HAT,Wrapped SOL,0.000102184373158737,5609.496576361851
992,MARVIN,Wrapped SOL,0.00165603552220826,4495.815461595016
993,GIANT,Wrapped SOL,0.00006203496445465,7235.271531436317
994,$BIBI,Wrapped SOL,0.018772735678839,6958.227961177771
995,BEAGLE,Wrapped SOL,0.00000112065987519,11548.995200654008
996,wDingocoin,Wrapped SOL,0.000018514695059407,874.1365345993403
997,FROWIF,Wrapped SOL,0.0000000016283471292165023,38.05163057510788
998,EGG,Wrapped SOL,0.000136711031175806,824.713772414322
999,BIRD,Wrapped SOL,0.000099076799288839,3625.71652613126
